scheme,parameter_name,parameter_value,effective_block_length_tokens,N,n_identity,identity_fraction,mean_sigma,std_sigma,se_sigma,mean_sigma_per_token,std_sigma_per_token,se_sigma_per_token,ci_lower_2.5_sigma_per_token,ci_upper_97.5_sigma_per_token,median_sigma_per_token,min_sigma_per_token,max_sigma_per_token
sentence_k,k_sentences,1,22.54678229119124,500,32,0.064,46.70811254119873,30.514834571097463,1.3646648884626913,0.4689572074339833,0.3010218383403799,0.013462105864820837,0.44379110291694657,0.49567475039124426,0.41055865201083097,0.0,2.2603694670790926
sentence_k,k_sentences,2,45.09356458238248,500,100,0.2,32.926600036621096,26.044906981477162,1.1647636495648357,0.32214875955016553,0.2535979543416262,0.011341245297255281,0.29940593070093513,0.34506561398135294,0.3143049615681114,0.0,2.1628672048586224
sentence_k,k_sentences,3,67.64034687357372,500,199,0.398,22.403124923706056,23.689419501122778,1.0594230470403936,0.21498444470064113,0.22723938206265626,0.010162454109142915,0.1953080745097805,0.23488498085940457,0.2191360951964758,0.0,1.8609458853345398
fixed_token_l,l_tokens,1,1.0,500,0,0.0,399.31741095733645,99.73123042018577,4.460116213984605,4.0554880363165955,0.7409383035902123,0.03313576827922182,3.9914424295466855,4.122564861683198,4.066885088977395,0.4148465363875679,7.708370433134191
fixed_token_l,l_tokens,10,10.0,500,2,0.004,160.95958154296875,49.26203327447199,2.2030651022315184,1.6212582123622277,0.3939308253459935,0.01761712207812477,1.585903893660294,1.6561739424440864,1.575641810962856,0.0,3.995893651788885
fixed_token_l,l_tokens,20,20.0,500,3,0.006,101.36993174743652,32.98001894001572,1.474911284982114,1.0215310900946586,0.29047585231331136,0.012990475031895075,0.9955017400403668,1.0464730447329527,0.9936751187207473,0.0,3.1001964184122346
fixed_token_l,l_tokens,40,40.0,500,7,0.014,60.09035404968262,22.043708850780842,0.9858246293311945,0.6002680272190989,0.19684379188424694,0.00880312199203995,0.5838674058663206,0.6183300207546747,0.589124927442475,0.0,2.131907723166726
fixed_token_l,l_tokens,60,60.0,500,25,0.05,35.30460797119141,15.440578680094585,0.6905236708125094,0.3499232713047202,0.15254890628404966,0.006822194486887597,0.337427837587589,0.36361749828256834,0.3523489398720824,0.0,1.2264759757302024
