condition,N,mean,std,SE,median,min,max,q25,q75
sigma_token__causal,30,130.76785134977737,15.402106074408891,2.812026976680364,128.04773579537868,96.62399992346764,160.40118256025016,122.32127080857754,142.29141817238997
sigma_token__noncausal,30,158.54281071916873,35.153645166076174,6.418148145330787,158.66047786723357,81.51069545000792,231.5321615835419,132.17985743982717,179.37104588918373
sigma_block__causal,30,20.166907859503407,7.117895792350163,1.2995440291470974,20.980607281439006,7.331684425473213,32.97094905376434,15.182952812348958,24.904852583189495
sigma_block__noncausal,30,12.31570289532295,4.751761722871832,0.8675490278355047,11.660127838142216,5.192521661520004,25.509248450398445,9.457805400510551,14.396396434342023
sigma_token_perT__causal,30,3.8143011097119266,0.3003332540437764,0.05483309933623533,3.721555583160691,3.0194999976083636,4.455588404451394,3.640216400906924,4.064081647249762
sigma_token_perT__noncausal,30,3.720565545655269,0.6853431543457218,0.12512596842229884,3.719034655668792,2.090017832051485,5.145159146300931,3.3690529952266406,4.1096725290239675
sigma_block_perT__causal,30,0.5912100869683741,0.20938861497105493,0.03822895590147024,0.6425299560651183,0.21102741680508003,0.9697337956989512,0.42681022143781877,0.7421481069911765
sigma_block_perT__noncausal,30,0.2949590049461366,0.12671355971075599,0.023134624998452948,0.2677878687041688,0.11777406092733145,0.6221767914731328,0.20880651578296022,0.36337239790508047
