label,n_causal,n_noncausal,median_causal,median_noncausal,mean_causal,mean_noncausal,U,p,rank_biserial_r
sigma_token_per_T,100,100,2.8583311281872517,2.783968850552779,2.8809522399283494,2.8267112726773185,5235.0,0.5666618284390166,0.04699999999999993
sigma_block_per_T,100,100,0.1246701968249771,0.00301163313865042,0.14168060351977757,0.02028481085169032,6771.0,1.5182762640931756e-05,0.35420000000000007
sigma_token_per_T (outliers removed),100,100,2.8583311281872517,2.783968850552779,2.8809522399283494,2.8267112726773185,5235.0,0.5666618284390166,0.04699999999999993
sigma_block_per_T (outliers removed),96,100,0.1338784181057503,0.00301163313865042,0.15256909537193755,0.02028481085169032,6661.0,2.7787366742256958e-06,0.3877083333333333
