condition,N,mean,std,SE,median,min,max,q25,q75
generated__sigma_token,516,478.81665326797514,87.807075228377,3.865490948331338,481.98915075678815,61.7038284432565,978.9749959278017,431.76538633443306,527.8775614766218
generated__sigma_block,500,46.70826030301301,30.514958837975048,1.3646704458464038,41.02005632027067,0.0,246.380798328999,30.257434666778863,56.80465998218642
generated__sigma_token_Tprime,500,399.31015395307276,99.72953537651351,4.460040409327085,408.5448313491943,9.39838457107544,786.2600751190873,347.3382123832962,465.0384746547643
generated__sigma_token_perT,516,3.990138777233126,0.7317256269031417,0.03221242456942782,4.016576256306568,0.5141985703604708,8.158124966065014,3.5980448861202756,4.398979678971848
generated__sigma_block_perTprime,500,0.4689587089418867,0.30102325351789666,0.013462169153483392,0.41057218643053517,0.0,2.260374296596321,0.2985119135392615,0.5711705034113624
generated__sigma_token_Tprime_perTprime,500,4.055417202692808,0.7409376803768145,0.033135740408271386,4.066816547927734,0.41488752680768654,7.70843210901066,3.6487891854891963,4.5045748206529135
