condition,N,mean,std,SE,median,min,max,q25,q75
sigma_token__causal,30,152.69788140593363,22.644850372008534,4.134365120026109,150.7662673301529,104.22671297192574,193.49158352194354,134.27440550806932,170.55061378492974
sigma_token__noncausal,30,190.44294716312652,33.993974652576156,6.206422245491601,202.39626908116043,121.87810365878977,234.86757045716513,169.0290496313246,215.41260801073804
sigma_block__causal,30,18.256031377683787,5.699067929133824,1.040502687180283,18.1893626737874,5.291445408016443,33.51402236800641,15.54980409538257,21.867626927793026
sigma_block__noncausal,30,15.17665156501486,6.923212840358052,1.2639999476911725,14.03744819998974,3.3857461886655074,35.01425175694749,11.97025697978097,18.9676006649388
sigma_token_perT__causal,30,4.215061639986672,0.39971460808391723,0.07297756913729943,4.219738327974605,3.3732039984819053,4.923402322355557,4.022478549159132,4.539468004873109
sigma_token_perT__noncausal,30,4.271988393402398,0.5284693596056749,0.09648486306877918,4.282241044625481,3.207318517336573,5.335187730867779,3.915855004663465,4.587445052557193
sigma_block_perT__causal,30,0.5114601306777564,0.17454593525999643,0.03186758202091213,0.4878562452429557,0.14698459466712344,0.9057843883244975,0.42266698913385753,0.5818670108648283
sigma_block_perT__noncausal,30,0.34281566031893146,0.15394643214348294,0.028106644510807997,0.29238560379741574,0.08061300449203589,0.69316967792931,0.2654098174200354,0.42489373542290804
