label,n_causal,n_noncausal,median_causal,median_noncausal,mean_causal,mean_noncausal,U,p,rank_biserial_r
sigma_token_per_T,30,30,3.721555583160691,3.719034655668792,3.8143011097119266,3.720565545655269,490.0,0.56187477242378,0.0888888888888888
sigma_block_per_T,30,30,0.6425299560651183,0.2677878687041688,0.5912100869683741,0.2949590049461366,788.0,8.235099157441913e-08,0.7511111111111111
sigma_token_per_T (outliers removed),30,29,3.721555583160691,3.757339271000819,3.8143011097119266,3.7767913288829855,460.0,0.7123227069386459,0.05747126436781613
sigma_block_per_T (outliers removed),30,29,0.6425299560651183,0.26431745809057483,0.5912100869683741,0.28367563299692977,772.0,3.383624699001992e-08,0.7747126436781608
