label,n_causal,n_noncausal,median_causal,median_noncausal,mean_causal,mean_noncausal,U,p,rank_biserial_r
sigma_token_per_T,30,30,3.6130185162102357,3.5249311132716197,3.63885631906693,3.6197093302719314,477.0,0.6972963276628144,0.06000000000000005
sigma_block_per_T,30,30,0.3543114022623678,0.2399417154333121,0.3845965818547945,0.2480609822979785,681.0,0.0004808938938439246,0.5133333333333334
sigma_token_per_T (outliers removed),30,29,3.6130185162102357,3.5211137920173248,3.63885631906693,3.574133760115907,477.0,0.531968334005093,0.096551724137931
sigma_block_per_T (outliers removed),28,29,0.3443422348953892,0.23400714619880697,0.3561644594965808,0.23765127411805523,619.0,0.0005035678163544051,0.5246305418719213
