label,n_causal,n_noncausal,median_causal,median_noncausal,mean_causal,mean_noncausal,U,p,rank_biserial_r
sigma_token_per_T,30,30,4.219738327974605,4.282241044625481,4.215061639986672,4.271988393402398,415.0,0.6124830516109334,-0.07777777777777772
sigma_block_per_T,30,30,0.4878562452429557,0.29238560379741574,0.5114601306777564,0.34281566031893146,705.0,0.00010210867827459584,0.5666666666666667
sigma_token_per_T (outliers removed),30,30,4.219738327974605,4.282241044625481,4.215061639986672,4.271988393402398,415.0,0.6124830516109334,-0.07777777777777772
sigma_block_per_T (outliers removed),26,28,0.4834135062710354,0.29167085274877735,0.4846461710318898,0.31802664912928774,609.0,8.39340157505835e-06,0.6730769230769231
