label,n_causal,n_noncausal,median_causal,median_noncausal,mean_causal,mean_noncausal,U,p,rank_biserial_r
sigma_token_per_T,30,30,3.9538637715182743,4.0161968005136135,4.050615117281,3.93100060544967,469.0,0.7860109989183189,0.04222222222222216
sigma_block_per_T,30,30,0.42900812051663784,0.23833627192993728,0.45717502565527807,0.2489148742595936,746.0,4.473125472057521e-06,0.6577777777777778
sigma_token_per_T (outliers removed),27,28,3.9499128719373626,4.056683882913427,4.031864913276299,4.054037947454337,353.0,0.6823481474196403,-0.06613756613756616
sigma_block_per_T (outliers removed),30,30,0.42900812051663784,0.23833627192993728,0.45717502565527807,0.2489148742595936,746.0,4.473125472057521e-06,0.6577777777777778
