quantity,temperature,N,mean,std,SE,median,min,max,q25,q75
sigma_token,3.0,5000,2.216267076253891,2.2050408226230718,0.03118398636939874,2.1433520317077637,-5.769296646118164,10.655254364013672,0.7548139095306396,3.6031800508499146
exp_neg_sigma_token,3.0,5000,0.9745281072492904,5.786156821262209,0.08182861450646613,0.117261135069063,2.3576635346755346e-05,320.31236045631783,0.027236970079309083,0.47009809775067407
sigma_token,4.0,5000,1.178452884864807,1.566882071582399,0.022159058762710793,1.1585278511047363,-4.341222763061523,7.651083469390869,0.13554668426513672,2.220682382583618
exp_neg_sigma_token,4.0,5000,0.9748172536574875,2.403096888926291,0.03398492212016151,0.31394808212160785,0.00047552862909439633,76.80139185193865,0.10853506563211913,0.8732386609682636
